Timestamp,Score_Differential,Fan_Commentary,Sentiment_Score
2026-06-10 20:30:00,-3,Wemby is a problem in the paint.,-0.4019
2026-06-10 20:30:00,-5,"Spurs hitting everything early, stay calm.",0.3182
2026-06-10 20:30:00,-5,Wemby is a problem in the paint.,-0.4019
2026-06-10 20:31:00,-5,"Bad turnover there, wake up Brunson!",-0.5848
2026-06-10 20:31:00,-11,Terrible shot selection right now.,-0.4767
2026-06-10 20:31:00,-10,Let's go Knicks!! MSG is rocking tonight!,0.0
2026-06-10 20:31:00,-10,Terrible shot selection right now.,-0.4767
2026-06-10 20:32:00,-3,"Bad turnover there, wake up Brunson!",-0.5848
2026-06-10 20:32:00,-5,"Down 8 early, need defensive stops.",-0.128
2026-06-10 20:33:00,-3,"Down 8 early, need defensive stops.",-0.128
2026-06-10 20:33:00,-6,"Spurs hitting everything early, stay calm.",0.3182
2026-06-10 20:34:00,-9,"Down 8 early, need defensive stops.",-0.128
2026-06-10 20:34:00,-15,Let's go Knicks!! MSG is rocking tonight!,0.0
2026-06-10 20:34:00,-8,Let's go Knicks!! MSG is rocking tonight!,0.0
2026-06-10 20:35:00,-11,"Spurs hitting everything early, stay calm.",0.3182
2026-06-10 20:35:00,-5,Wemby is a problem in the paint.,-0.4019
2026-06-10 20:35:00,-5,Terrible shot selection right now.,-0.4767
2026-06-10 20:35:00,-2,Let's go Knicks!! MSG is rocking tonight!,0.0
2026-06-10 20:35:00,-7,"Bad turnover there, wake up Brunson!",-0.5848
2026-06-10 20:35:00,-14,Brutal first quarter. We can't buy a bucket.,-0.6249
2026-06-10 20:35:00,-12,Our shooting looks ice cold to start.,0.0
2026-06-10 20:36:00,-3,Wemby is a problem in the paint.,-0.4019
2026-06-10 20:36:00,-13,Wemby is a problem in the paint.,-0.4019
2026-06-10 20:36:00,-6,"Bad turnover there, wake up Brunson!",-0.5848
2026-06-10 20:36:00,-8,"Down 8 early, need defensive stops.",-0.128
2026-06-10 20:37:00,-10,"Spurs hitting everything early, stay calm.",0.3182
2026-06-10 20:37:00,-7,Brutal first quarter. We can't buy a bucket.,-0.6249
2026-06-10 20:39:00,-7,Brutal first quarter. We can't buy a bucket.,-0.6249
2026-06-10 20:39:00,-2,"Down 8 early, need defensive stops.",-0.128
2026-06-10 20:39:00,-9,"Down 8 early, need defensive stops.",-0.128
2026-06-10 20:39:00,-5,Brutal first quarter. We can't buy a bucket.,-0.6249
2026-06-10 20:39:00,-10,"Bad turnover there, wake up Brunson!",-0.5848
2026-06-10 20:40:00,-9,"Down 8 early, need defensive stops.",-0.128
2026-06-10 20:40:00,-7,"Bad turnover there, wake up Brunson!",-0.5848
2026-06-10 20:40:00,-11,Terrible shot selection right now.,-0.4767
2026-06-10 20:41:00,-12,Terrible shot selection right now.,-0.4767
2026-06-10 20:42:00,-14,Let's go Knicks!! MSG is rocking tonight!,0.0
2026-06-10 20:42:00,-2,"Spurs hitting everything early, stay calm.",0.3182
2026-06-10 20:43:00,-3,Wemby is a problem in the paint.,-0.4019
2026-06-10 20:43:00,-12,"Down 8 early, need defensive stops.",-0.128
2026-06-10 20:43:00,-7,Wemby is a problem in the paint.,-0.4019
2026-06-10 20:43:00,-6,Terrible shot selection right now.,-0.4767
2026-06-10 20:44:00,-5,Our shooting looks ice cold to start.,0.0
2026-06-10 20:46:00,-12,"Bad turnover there, wake up Brunson!",-0.5848
2026-06-10 20:46:00,-12,"Down 8 early, need defensive stops.",-0.128
2026-06-10 20:46:00,-4,Terrible shot selection right now.,-0.4767
2026-06-10 20:47:00,-8,Our shooting looks ice cold to start.,0.0
2026-06-10 20:47:00,-15,Brutal first quarter. We can't buy a bucket.,-0.6249
2026-06-10 20:48:00,-8,"Spurs hitting everything early, stay calm.",0.3182
2026-06-10 20:48:00,-7,Let's go Knicks!! MSG is rocking tonight!,0.0
2026-06-10 20:49:00,-5,"Down 8 early, need defensive stops.",-0.128
2026-06-10 20:49:00,-6,Wemby is a problem in the paint.,-0.4019
2026-06-10 20:49:00,-13,"Spurs hitting everything early, stay calm.",0.3182
2026-06-10 20:49:00,-5,Terrible shot selection right now.,-0.4767
2026-06-10 20:50:00,-3,"Bad turnover there, wake up Brunson!",-0.5848
2026-06-10 20:50:00,-15,"Bad turnover there, wake up Brunson!",-0.5848
2026-06-10 20:51:00,-7,"Down 8 early, need defensive stops.",-0.128
2026-06-10 20:51:00,-10,"Bad turnover there, wake up Brunson!",-0.5848
2026-06-10 20:52:00,-15,Brutal first quarter. We can't buy a bucket.,-0.6249
2026-06-10 20:53:00,-4,Our shooting looks ice cold to start.,0.0
2026-06-10 20:53:00,-3,Let's go Knicks!! MSG is rocking tonight!,0.0
2026-06-10 20:53:00,-5,"Down 8 early, need defensive stops.",-0.128
2026-06-10 20:53:00,-5,Let's go Knicks!! MSG is rocking tonight!,0.0
2026-06-10 20:54:00,-10,Terrible shot selection right now.,-0.4767
2026-06-10 20:55:00,-9,"Down 8 early, need defensive stops.",-0.128
2026-06-10 20:55:00,-8,Terrible shot selection right now.,-0.4767
2026-06-10 20:56:00,-14,"Down 8 early, need defensive stops.",-0.128
2026-06-10 20:56:00,-13,Wemby is a problem in the paint.,-0.4019
2026-06-10 20:56:00,-2,Wemby is a problem in the paint.,-0.4019
2026-06-10 20:56:00,-5,"Spurs hitting everything early, stay calm.",0.3182
2026-06-10 20:56:00,-4,"Spurs hitting everything early, stay calm.",0.3182
2026-06-10 20:56:00,-15,Terrible shot selection right now.,-0.4767
2026-06-10 20:57:00,-2,"Spurs hitting everything early, stay calm.",0.3182
2026-06-10 20:57:00,-10,Our shooting looks ice cold to start.,0.0
2026-06-10 20:57:00,-10,Brutal first quarter. We can't buy a bucket.,-0.6249
2026-06-10 20:58:00,-10,Wemby is a problem in the paint.,-0.4019
2026-06-10 20:59:00,-9,Let's go Knicks!! MSG is rocking tonight!,0.0
2026-06-10 20:59:00,-13,"Down 8 early, need defensive stops.",-0.128
2026-06-10 20:59:00,-13,Brutal first quarter. We can't buy a bucket.,-0.6249
2026-06-10 20:59:00,-12,"Spurs hitting everything early, stay calm.",0.3182
2026-06-10 21:00:00,-7,Our shooting looks ice cold to start.,0.0
2026-06-10 21:00:00,-8,Our shooting looks ice cold to start.,0.0
2026-06-10 21:00:00,-11,Brutal first quarter. We can't buy a bucket.,-0.6249
2026-06-10 21:01:00,-13,Wemby is a problem in the paint.,-0.4019
2026-06-10 21:01:00,-3,Let's go Knicks!! MSG is rocking tonight!,0.0
2026-06-10 21:01:00,-3,"Down 8 early, need defensive stops.",-0.128
2026-06-10 21:01:00,-13,Let's go Knicks!! MSG is rocking tonight!,0.0
2026-06-10 21:01:00,-7,"Spurs hitting everything early, stay calm.",0.3182
2026-06-10 21:01:00,-14,Brutal first quarter. We can't buy a bucket.,-0.6249
2026-06-10 21:02:00,-10,"Down 8 early, need defensive stops.",-0.128
2026-06-10 21:03:00,-12,Wemby is a problem in the paint.,-0.4019
2026-06-10 21:03:00,-12,Let's go Knicks!! MSG is rocking tonight!,0.0
2026-06-10 21:03:00,-14,"Bad turnover there, wake up Brunson!",-0.5848
2026-06-10 21:04:00,-12,Let's go Knicks!! MSG is rocking tonight!,0.0
2026-06-10 21:04:00,-12,Terrible shot selection right now.,-0.4767
2026-06-10 21:04:00,-2,Brutal first quarter. We can't buy a bucket.,-0.6249
2026-06-10 21:05:00,-3,Terrible shot selection right now.,-0.4767
2026-06-10 21:06:00,-5,"Down 8 early, need defensive stops.",-0.128
2026-06-10 21:06:00,-10,Brutal first quarter. We can't buy a bucket.,-0.6249
2026-06-10 21:06:00,-7,"Spurs hitting everything early, stay calm.",0.3182
2026-06-10 21:07:00,-7,"Bad turnover there, wake up Brunson!",-0.5848
2026-06-10 21:07:00,-14,Brutal first quarter. We can't buy a bucket.,-0.6249
2026-06-10 21:07:00,-14,"Bad turnover there, wake up Brunson!",-0.5848
2026-06-10 21:08:00,-7,"Bad turnover there, wake up Brunson!",-0.5848
2026-06-10 21:08:00,-9,Terrible shot selection right now.,-0.4767
2026-06-10 21:09:00,-10,Let's go Knicks!! MSG is rocking tonight!,0.0
2026-06-10 21:09:00,-15,Wemby is a problem in the paint.,-0.4019
2026-06-10 21:10:00,-3,Terrible shot selection right now.,-0.4767
2026-06-10 21:10:00,-5,Let's go Knicks!! MSG is rocking tonight!,0.0
2026-06-10 21:11:00,-11,"Bad turnover there, wake up Brunson!",-0.5848
2026-06-10 21:11:00,-2,Our shooting looks ice cold to start.,0.0
2026-06-10 21:12:00,-12,Let's go Knicks!! MSG is rocking tonight!,0.0
2026-06-10 21:12:00,-14,Our shooting looks ice cold to start.,0.0
2026-06-10 21:12:00,-12,Our shooting looks ice cold to start.,0.0
2026-06-10 21:13:00,-4,"Down 8 early, need defensive stops.",-0.128
2026-06-10 21:13:00,-7,"Down 8 early, need defensive stops.",-0.128
2026-06-10 21:14:00,-14,Terrible shot selection right now.,-0.4767
2026-06-10 21:14:00,-9,Our shooting looks ice cold to start.,0.0
2026-06-10 21:14:00,-13,Wemby is a problem in the paint.,-0.4019
2026-06-10 21:14:00,-11,"Bad turnover there, wake up Brunson!",-0.5848
2026-06-10 21:15:00,-9,Wemby is a problem in the paint.,-0.4019
2026-06-10 21:15:00,-3,Brutal first quarter. We can't buy a bucket.,-0.6249
2026-06-10 21:15:00,-3,Terrible shot selection right now.,-0.4767
2026-06-10 21:15:00,-15,"Spurs hitting everything early, stay calm.",0.3182
2026-06-10 21:16:00,-15,Halftime can't come soon enough. Total failure.,-0.5563
2026-06-10 21:16:00,-18,Absolute disaster class on offense.,-0.7269
2026-06-10 21:16:00,-16,Down 22 points at the half. I am sick.,-0.5106
2026-06-10 21:16:00,-14,Down 14... this is getting incredibly ugly.,-0.5563
2026-06-10 21:17:00,-16,Absolute disaster class on offense.,-0.7269
2026-06-10 21:17:00,-25,Are we really laying an egg at home in the Finals?,0.0
2026-06-10 21:18:00,-16,Are we really laying an egg at home in the Finals?,0.0
2026-06-10 21:18:00,-23,Absolute disaster class on offense.,-0.7269
2026-06-10 21:19:00,-15,Are we really laying an egg at home in the Finals?,0.0
2026-06-10 21:19:00,-22,Are we really laying an egg at home in the Finals?,0.0
2026-06-10 21:19:00,-16,This is embarrassing to watch on national TV.,-0.3818
2026-06-10 21:20:00,-26,Can anyone please hit a wide-open three?!,0.3802
2026-06-10 21:20:00,-19,"No energy, no defense, no adjustments. Disastrous.",0.5773
2026-06-10 21:21:00,-15,This is embarrassing to watch on national TV.,-0.3818
2026-06-10 21:21:00,-21,Are we really laying an egg at home in the Finals?,0.0
2026-06-10 21:22:00,-26,This is embarrassing to watch on national TV.,-0.3818
2026-06-10 21:22:00,-25,Down 22 points at the half. I am sick.,-0.5106
2026-06-10 21:22:00,-14,Down 14... this is getting incredibly ugly.,-0.5563
2026-06-10 21:22:00,-21,"No energy, no defense, no adjustments. Disastrous.",0.5773
2026-06-10 21:23:00,-23,Down 14... this is getting incredibly ugly.,-0.5563
2026-06-10 21:23:00,-19,"No energy, no defense, no adjustments. Disastrous.",0.5773
2026-06-10 21:23:00,-18,Halftime can't come soon enough. Total failure.,-0.5563
2026-06-10 21:23:00,-14,Halftime can't come soon enough. Total failure.,-0.5563
2026-06-10 21:23:00,-22,This is embarrassing to watch on national TV.,-0.3818
2026-06-10 21:24:00,-18,"No energy, no defense, no adjustments. Disastrous.",0.5773
2026-06-10 21:24:00,-22,Can anyone please hit a wide-open three?!,0.3802
2026-06-10 21:24:00,-26,Halftime can't come soon enough. Total failure.,-0.5563
2026-06-10 21:25:00,-22,Can anyone please hit a wide-open three?!,0.3802
2026-06-10 21:25:00,-21,Are we really laying an egg at home in the Finals?,0.0
2026-06-10 21:25:00,-26,This is embarrassing to watch on national TV.,-0.3818
2026-06-10 21:25:00,-25,"No energy, no defense, no adjustments. Disastrous.",0.5773
2026-06-10 21:25:00,-20,Can anyone please hit a wide-open three?!,0.3802
2026-06-10 21:25:00,-23,Are we really laying an egg at home in the Finals?,0.0
2026-06-10 21:25:00,-22,Down 14... this is getting incredibly ugly.,-0.5563
2026-06-10 21:26:00,-18,"No energy, no defense, no adjustments. Disastrous.",0.5773
2026-06-10 21:26:00,-23,Halftime can't come soon enough. Total failure.,-0.5563
2026-06-10 21:26:00,-22,Down 14... this is getting incredibly ugly.,-0.5563
2026-06-10 21:26:00,-23,Are we really laying an egg at home in the Finals?,0.0
2026-06-10 21:26:00,-22,Halftime can't come soon enough. Total failure.,-0.5563
2026-06-10 21:27:00,-15,This is embarrassing to watch on national TV.,-0.3818
2026-06-10 21:27:00,-19,Down 14... this is getting incredibly ugly.,-0.5563
2026-06-10 21:27:00,-26,Are we really laying an egg at home in the Finals?,0.0
2026-06-10 21:28:00,-26,"No energy, no defense, no adjustments. Disastrous.",0.5773
2026-06-10 21:28:00,-23,Can anyone please hit a wide-open three?!,0.3802
2026-06-10 21:28:00,-15,This is embarrassing to watch on national TV.,-0.3818
2026-06-10 21:28:00,-20,Down 14... this is getting incredibly ugly.,-0.5563
2026-06-10 21:28:00,-20,Down 14... this is getting incredibly ugly.,-0.5563
2026-06-10 21:28:00,-18,Down 22 points at the half. I am sick.,-0.5106
2026-06-10 21:28:00,-26,Can anyone please hit a wide-open three?!,0.3802
2026-06-10 21:28:00,-17,This is embarrassing to watch on national TV.,-0.3818
2026-06-10 21:29:00,-19,"No energy, no defense, no adjustments. Disastrous.",0.5773
2026-06-10 21:29:00,-17,Halftime can't come soon enough. Total failure.,-0.5563
2026-06-10 21:29:00,-17,Down 14... this is getting incredibly ugly.,-0.5563
2026-06-10 21:29:00,-20,Absolute disaster class on offense.,-0.7269
2026-06-10 21:29:00,-17,This is embarrassing to watch on national TV.,-0.3818
2026-06-10 21:29:00,-21,Down 22 points at the half. I am sick.,-0.5106
2026-06-10 21:29:00,-18,"No energy, no defense, no adjustments. Disastrous.",0.5773
2026-06-10 21:30:00,-21,This is embarrassing to watch on national TV.,-0.3818
2026-06-10 21:30:00,-16,Halftime can't come soon enough. Total failure.,-0.5563
2026-06-10 21:31:00,-16,Can anyone please hit a wide-open three?!,0.3802
2026-06-10 21:31:00,-19,"No energy, no defense, no adjustments. Disastrous.",0.5773
2026-06-10 21:31:00,-14,Absolute disaster class on offense.,-0.7269
2026-06-10 21:32:00,-17,Down 22 points at the half. I am sick.,-0.5106
2026-06-10 21:32:00,-18,"No energy, no defense, no adjustments. Disastrous.",0.5773
2026-06-10 21:33:00,-17,Down 22 points at the half. I am sick.,-0.5106
2026-06-10 21:33:00,-26,Down 14... this is getting incredibly ugly.,-0.5563
2026-06-10 21:33:00,-19,Absolute disaster class on offense.,-0.7269
2026-06-10 21:33:00,-20,Down 22 points at the half. I am sick.,-0.5106
2026-06-10 21:33:00,-20,Down 22 points at the half. I am sick.,-0.5106
2026-06-10 21:34:00,-25,This is embarrassing to watch on national TV.,-0.3818
2026-06-10 21:34:00,-24,Can anyone please hit a wide-open three?!,0.3802
2026-06-10 21:34:00,-16,Halftime can't come soon enough. Total failure.,-0.5563
2026-06-10 21:35:00,-14,"No energy, no defense, no adjustments. Disastrous.",0.5773
2026-06-10 21:35:00,-17,Can anyone please hit a wide-open three?!,0.3802
2026-06-10 21:38:00,-14,"No energy, no defense, no adjustments. Disastrous.",0.5773
2026-06-10 21:38:00,-17,"No energy, no defense, no adjustments. Disastrous.",0.5773
2026-06-10 21:39:00,-15,Halftime can't come soon enough. Total failure.,-0.5563
2026-06-10 21:39:00,-17,Down 14... this is getting incredibly ugly.,-0.5563
2026-06-10 21:39:00,-25,This is embarrassing to watch on national TV.,-0.3818
2026-06-10 21:39:00,-25,This is embarrassing to watch on national TV.,-0.3818
2026-06-10 21:39:00,-19,Absolute disaster class on offense.,-0.7269
2026-06-10 21:40:00,-17,Absolute disaster class on offense.,-0.7269
2026-06-10 21:40:00,-19,Are we really laying an egg at home in the Finals?,0.0
2026-06-10 21:41:00,-20,"No energy, no defense, no adjustments. Disastrous.",0.5773
2026-06-10 21:42:00,-17,Halftime can't come soon enough. Total failure.,-0.5563
2026-06-10 21:42:00,-17,Absolute disaster class on offense.,-0.7269
2026-06-10 21:42:00,-17,"No energy, no defense, no adjustments. Disastrous.",0.5773
2026-06-10 21:43:00,-26,Down 22 points at the half. I am sick.,-0.5106
2026-06-10 21:43:00,-14,Are we really laying an egg at home in the Finals?,0.0
2026-06-10 21:43:00,-18,This is embarrassing to watch on national TV.,-0.3818
2026-06-10 21:43:00,-25,This is embarrassing to watch on national TV.,-0.3818
2026-06-10 21:43:00,-20,Absolute disaster class on offense.,-0.7269
2026-06-10 21:44:00,-25,Absolute disaster class on offense.,-0.7269
2026-06-10 21:44:00,-14,Halftime can't come soon enough. Total failure.,-0.5563
2026-06-10 21:45:00,-18,Can anyone please hit a wide-open three?!,0.3802
2026-06-10 21:45:00,-25,Down 22 points at the half. I am sick.,-0.5106
2026-06-10 21:46:00,-19,Halftime can't come soon enough. Total failure.,-0.5563
2026-06-10 21:46:00,-26,Halftime can't come soon enough. Total failure.,-0.5563
2026-06-10 21:47:00,-14,Absolute disaster class on offense.,-0.7269
2026-06-10 21:48:00,-19,This is embarrassing to watch on national TV.,-0.3818
2026-06-10 21:48:00,-21,Can anyone please hit a wide-open three?!,0.3802
2026-06-10 21:48:00,-22,Absolute disaster class on offense.,-0.7269
2026-06-10 21:48:00,-14,Are we really laying an egg at home in the Finals?,0.0
2026-06-10 21:48:00,-14,Down 14... this is getting incredibly ugly.,-0.5563
2026-06-10 21:49:00,-16,Halftime can't come soon enough. Total failure.,-0.5563
2026-06-10 21:49:00,-17,Are we really laying an egg at home in the Finals?,0.0
2026-06-10 21:50:00,-15,Can anyone please hit a wide-open three?!,0.3802
2026-06-10 21:50:00,-23,Absolute disaster class on offense.,-0.7269
2026-06-10 21:51:00,-16,This is embarrassing to watch on national TV.,-0.3818
2026-06-10 21:52:00,-14,Halftime can't come soon enough. Total failure.,-0.5563
2026-06-10 21:52:00,-21,This is embarrassing to watch on national TV.,-0.3818
2026-06-10 21:52:00,-16,Down 14... this is getting incredibly ugly.,-0.5563
2026-06-10 21:52:00,-18,Down 22 points at the half. I am sick.,-0.5106
2026-06-10 21:52:00,-22,Down 22 points at the half. I am sick.,-0.5106
2026-06-10 21:52:00,-20,Are we really laying an egg at home in the Finals?,0.0
2026-06-10 21:53:00,-23,Down 14... this is getting incredibly ugly.,-0.5563
2026-06-10 21:53:00,-24,Down 22 points at the half. I am sick.,-0.5106
2026-06-10 21:55:00,-19,Can anyone please hit a wide-open three?!,0.3802
2026-06-10 21:56:00,-18,Can anyone please hit a wide-open three?!,0.3802
2026-06-10 21:56:00,-20,This is embarrassing to watch on national TV.,-0.3818
2026-06-10 21:56:00,-16,Halftime can't come soon enough. Total failure.,-0.5563
2026-06-10 21:56:00,-23,Can anyone please hit a wide-open three?!,0.3802
2026-06-10 21:57:00,-26,Halftime can't come soon enough. Total failure.,-0.5563
2026-06-10 21:57:00,-18,"No energy, no defense, no adjustments. Disastrous.",0.5773
2026-06-10 21:58:00,-23,This is embarrassing to watch on national TV.,-0.3818
2026-06-10 21:58:00,-17,Down 14... this is getting incredibly ugly.,-0.5563
2026-06-10 21:58:00,-14,This is embarrassing to watch on national TV.,-0.3818
2026-06-10 21:58:00,-19,Down 14... this is getting incredibly ugly.,-0.5563
2026-06-10 21:58:00,-16,"No energy, no defense, no adjustments. Disastrous.",0.5773
2026-06-10 21:58:00,-15,Can anyone please hit a wide-open three?!,0.3802
2026-06-10 21:59:00,-26,Down 14... this is getting incredibly ugly.,-0.5563
2026-06-10 21:59:00,-19,This is embarrassing to watch on national TV.,-0.3818
2026-06-10 22:00:00,-20,Are we really laying an egg at home in the Finals?,0.0
2026-06-10 22:00:00,-18,"No energy, no defense, no adjustments. Disastrous.",0.5773
2026-06-10 22:00:00,-25,Can anyone please hit a wide-open three?!,0.3802
2026-06-10 22:00:00,-21,Down 14... this is getting incredibly ugly.,-0.5563
2026-06-10 22:02:00,-24,Down 10 heading into the 4th. Anything is possible now!,0.0
2026-06-10 22:02:00,-12,OG Anunoby with a massive block!! Let's goooo!,-0.5826
2026-06-10 22:02:00,-21,Deficit down to 19! MSG is waking up!,-0.508
2026-06-10 22:02:00,-22,Down 10 heading into the 4th. Anything is possible now!,0.0
2026-06-10 22:03:00,-23,"Wait, nice hustle play by Josh Hart there.",0.6369
2026-06-10 22:03:00,-27,"Wait, nice hustle play by Josh Hart there.",0.6369
2026-06-10 22:03:00,-26,Deficit down to 19! MSG is waking up!,-0.508
2026-06-10 22:03:00,-17,Down 25. This game is officially over.,0.0
2026-06-10 22:04:00,-19,Brunson with a tough and-one. Keep fighting!,-0.5093
2026-06-10 22:04:00,-14,Brunson with a tough and-one. Keep fighting!,-0.5093
2026-06-10 22:04:00,-21,OG Anunoby with a massive block!! Let's goooo!,-0.5826
2026-06-10 22:05:00,-15,Down 10 heading into the 4th. Anything is possible now!,0.0
2026-06-10 22:05:00,-10,Brunson with a tough and-one. Keep fighting!,-0.5093
2026-06-10 22:06:00,-25,Brunson with a tough and-one. Keep fighting!,-0.5093
2026-06-10 22:06:00,-15,OG Anunoby with a massive block!! Let's goooo!,-0.5826
2026-06-10 22:06:00,-25,Down 25. This game is officially over.,0.0
2026-06-10 22:07:00,-19,"Wait, nice hustle play by Josh Hart there.",0.6369
2026-06-10 22:07:00,-21,Holding them to 14 points this quarter is huge.,0.3182
2026-06-10 22:07:00,-24,Down 10 heading into the 4th. Anything is possible now!,0.0
2026-06-10 22:07:00,-19,Down 25. This game is officially over.,0.0
2026-06-10 22:07:00,-21,Down 10 heading into the 4th. Anything is possible now!,0.0
2026-06-10 22:08:00,-11,Holding them to 14 points this quarter is huge.,0.3182
2026-06-10 22:08:00,-14,"A quick 6-0 run? Okay, don't give me hope.",-0.1295
2026-06-10 22:08:00,-19,Holding them to 14 points this quarter is huge.,0.3182
2026-06-10 22:09:00,-15,Deficit down to 19! MSG is waking up!,-0.508
2026-06-10 22:10:00,-29,Brunson with a tough and-one. Keep fighting!,-0.5093
2026-06-10 22:10:00,-29,Brunson with a tough and-one. Keep fighting!,-0.5093
2026-06-10 22:11:00,-29,"A quick 6-0 run? Okay, don't give me hope.",-0.1295
2026-06-10 22:11:00,-29,"Wait, nice hustle play by Josh Hart there.",0.6369
2026-06-10 22:11:00,-29,"Wait, nice hustle play by Josh Hart there.",0.6369
2026-06-10 22:11:00,-29,"Wait, nice hustle play by Josh Hart there.",0.6369
2026-06-10 22:12:00,-29,Deficit down to 19! MSG is waking up!,-0.508
2026-06-10 22:12:00,-29,OG Anunoby with a massive block!! Let's goooo!,-0.5826
2026-06-10 22:12:00,-29,OG Anunoby with a massive block!! Let's goooo!,-0.5826
2026-06-10 22:14:00,-29,Down 10 heading into the 4th. Anything is possible now!,0.0
2026-06-10 22:14:00,-29,Brunson with a tough and-one. Keep fighting!,-0.5093
2026-06-10 22:15:00,-29,WE ARE DOWN 29 POINTS. THIS IS TRAGIC.,-0.5766
2026-06-10 22:15:00,-29,OG Anunoby with a massive block!! Let's goooo!,-0.5826
2026-06-10 22:15:00,-29,"A quick 6-0 run? Okay, don't give me hope.",-0.1295
2026-06-10 22:16:00,-29,Deficit down to 19! MSG is waking up!,-0.508
2026-06-10 22:16:00,-29,OG Anunoby with a massive block!! Let's goooo!,-0.5826
2026-06-10 22:17:00,-29,OG Anunoby with a massive block!! Let's goooo!,-0.5826
2026-06-10 22:17:00,-29,"Wait, nice hustle play by Josh Hart there.",0.6369
2026-06-10 22:17:00,-29,Down 10 heading into the 4th. Anything is possible now!,0.0
2026-06-10 22:17:00,-29,WE ARE DOWN 29 POINTS. THIS IS TRAGIC.,-0.5766
2026-06-10 22:18:00,-29,"Wait, nice hustle play by Josh Hart there.",0.6369
2026-06-10 22:18:00,-29,"A quick 6-0 run? Okay, don't give me hope.",-0.1295
2026-06-10 22:18:00,-29,"A quick 6-0 run? Okay, don't give me hope.",-0.1295
2026-06-10 22:18:00,-29,Down 10 heading into the 4th. Anything is possible now!,0.0
2026-06-10 22:18:00,-29,Down 25. This game is officially over.,0.0
2026-06-10 22:19:00,-29,Down 25. This game is officially over.,0.0
2026-06-10 22:19:00,-29,"A quick 6-0 run? Okay, don't give me hope.",-0.1295
2026-06-10 22:19:00,-29,Deficit down to 19! MSG is waking up!,-0.508
2026-06-10 22:19:00,-29,WE ARE DOWN 29 POINTS. THIS IS TRAGIC.,-0.5766
2026-06-10 22:20:00,-29,Down 10 heading into the 4th. Anything is possible now!,0.0
2026-06-10 22:21:00,-28,WE ARE DOWN 29 POINTS. THIS IS TRAGIC.,-0.5766
2026-06-10 22:21:00,-11,OG Anunoby with a massive block!! Let's goooo!,-0.5826
2026-06-10 22:21:00,-19,Deficit down to 19! MSG is waking up!,-0.508
2026-06-10 22:21:00,-19,OG Anunoby with a massive block!! Let's goooo!,-0.5826
2026-06-10 22:21:00,-19,Down 10 heading into the 4th. Anything is possible now!,0.0
2026-06-10 22:22:00,-15,Holding them to 14 points this quarter is huge.,0.3182
2026-06-10 22:23:00,-23,OG Anunoby with a massive block!! Let's goooo!,-0.5826
2026-06-10 22:23:00,-17,OG Anunoby with a massive block!! Let's goooo!,-0.5826
2026-06-10 22:23:00,-18,WE ARE DOWN 29 POINTS. THIS IS TRAGIC.,-0.5766
2026-06-10 22:23:00,-21,WE ARE DOWN 29 POINTS. THIS IS TRAGIC.,-0.5766
2026-06-10 22:24:00,-25,Down 25. This game is officially over.,0.0
2026-06-10 22:24:00,-14,Down 25. This game is officially over.,0.0
2026-06-10 22:24:00,-21,"A quick 6-0 run? Okay, don't give me hope.",-0.1295
2026-06-10 22:25:00,-21,"A quick 6-0 run? Okay, don't give me hope.",-0.1295
2026-06-10 22:25:00,-14,Deficit down to 19! MSG is waking up!,-0.508
2026-06-10 22:25:00,-28,"A quick 6-0 run? Okay, don't give me hope.",-0.1295
2026-06-10 22:26:00,-24,"A quick 6-0 run? Okay, don't give me hope.",-0.1295
2026-06-10 22:26:00,-17,Down 25. This game is officially over.,0.0
2026-06-10 22:26:00,-20,Brunson with a tough and-one. Keep fighting!,-0.5093
2026-06-10 22:27:00,-19,"A quick 6-0 run? Okay, don't give me hope.",-0.1295
2026-06-10 22:29:00,-28,Down 10 heading into the 4th. Anything is possible now!,0.0
2026-06-10 22:29:00,-27,"A quick 6-0 run? Okay, don't give me hope.",-0.1295
2026-06-10 22:29:00,-17,Brunson with a tough and-one. Keep fighting!,-0.5093
2026-06-10 22:29:00,-22,Deficit down to 19! MSG is waking up!,-0.508
2026-06-10 22:29:00,-22,OG Anunoby with a massive block!! Let's goooo!,-0.5826
2026-06-10 22:30:00,-18,"A quick 6-0 run? Okay, don't give me hope.",-0.1295
2026-06-10 22:31:00,-21,OG Anunoby with a massive block!! Let's goooo!,-0.5826
2026-06-10 22:31:00,-16,"Wait, nice hustle play by Josh Hart there.",0.6369
2026-06-10 22:32:00,-17,"A quick 6-0 run? Okay, don't give me hope.",-0.1295
2026-06-10 22:32:00,-25,Holding them to 14 points this quarter is huge.,0.3182
2026-06-10 22:32:00,-12,WE ARE DOWN 29 POINTS. THIS IS TRAGIC.,-0.5766
2026-06-10 22:33:00,-26,OG Anunoby with a massive block!! Let's goooo!,-0.5826
2026-06-10 22:33:00,-28,WE ARE DOWN 29 POINTS. THIS IS TRAGIC.,-0.5766
2026-06-10 22:33:00,-19,Down 10 heading into the 4th. Anything is possible now!,0.0
2026-06-10 22:34:00,-17,"Wait, nice hustle play by Josh Hart there.",0.6369
2026-06-10 22:34:00,-25,WE ARE DOWN 29 POINTS. THIS IS TRAGIC.,-0.5766
2026-06-10 22:35:00,-16,Holding them to 14 points this quarter is huge.,0.3182
2026-06-10 22:36:00,-15,Down 25. This game is officially over.,0.0
2026-06-10 22:36:00,-25,Deficit down to 19! MSG is waking up!,-0.508
2026-06-10 22:36:00,-15,Brunson with a tough and-one. Keep fighting!,-0.5093
2026-06-10 22:37:00,-13,OG Anunoby with a massive block!! Let's goooo!,-0.5826
2026-06-10 22:37:00,-15,Deficit down to 19! MSG is waking up!,-0.508
2026-06-10 22:37:00,-27,Deficit down to 19! MSG is waking up!,-0.508
2026-06-10 22:38:00,-28,"Wait, nice hustle play by Josh Hart there.",0.6369
2026-06-10 22:38:00,-21,Down 25. This game is officially over.,0.0
2026-06-10 22:38:00,-26,OG Anunoby with a massive block!! Let's goooo!,-0.5826
2026-06-10 22:39:00,-25,"A quick 6-0 run? Okay, don't give me hope.",-0.1295
2026-06-10 22:39:00,-18,Holding them to 14 points this quarter is huge.,0.3182
2026-06-10 22:39:00,-21,"A quick 6-0 run? Okay, don't give me hope.",-0.1295
2026-06-10 22:40:00,-24,Brunson with a tough and-one. Keep fighting!,-0.5093
2026-06-10 22:40:00,-19,Down 10 heading into the 4th. Anything is possible now!,0.0
2026-06-10 22:40:00,-19,Down 25. This game is officially over.,0.0
2026-06-10 22:41:00,-16,Holding them to 14 points this quarter is huge.,0.3182
2026-06-10 22:41:00,-16,Down 25. This game is officially over.,0.0
2026-06-10 22:41:00,-26,WE ARE DOWN 29 POINTS. THIS IS TRAGIC.,-0.5766
2026-06-10 22:41:00,-24,"A quick 6-0 run? Okay, don't give me hope.",-0.1295
2026-06-10 22:42:00,-10,OG Anunoby with a massive block!! Let's goooo!,-0.5826
2026-06-10 22:42:00,-12,Deficit down to 19! MSG is waking up!,-0.508
2026-06-10 22:42:00,-25,"A quick 6-0 run? Okay, don't give me hope.",-0.1295
2026-06-10 22:42:00,-14,"Wait, nice hustle play by Josh Hart there.",0.6369
2026-06-10 22:42:00,-16,Brunson with a tough and-one. Keep fighting!,-0.5093
2026-06-10 22:42:00,-19,OG Anunoby with a massive block!! Let's goooo!,-0.5826
2026-06-10 22:43:00,-14,Holding them to 14 points this quarter is huge.,0.3182
2026-06-10 22:45:00,-17,Down 25. This game is officially over.,0.0
2026-06-10 22:45:00,-27,WE ARE DOWN 29 POINTS. THIS IS TRAGIC.,-0.5766
2026-06-10 22:45:00,-21,Down 10 heading into the 4th. Anything is possible now!,0.0
2026-06-10 22:46:00,-5,BRUNSON THREE!!! Single digits baby!!,0.0
2026-06-10 22:46:00,1,I AM LITERALY CRYING RIGHT NOW WHAT A GAME,-0.4767
2026-06-10 22:46:00,-1,"12 seconds left, down 1. My heart is pounding.",0.6369
2026-06-10 22:46:00,-3,BRUNSON THREE!!! Single digits baby!!,0.0
2026-06-10 22:47:00,-8,TIE GAME!!! MY VOICE IS COMPLETELY GONE!!!,0.0
2026-06-10 22:47:00,-4,OG ANUNOBY PUTBACK AT THE BUZZER!!!! WE WON!!!!!,0.7067
2026-06-10 22:47:00,2,"Oh no, Wemby hits a tough midrange. Down 3.",-0.128
2026-06-10 22:47:00,0,OG ANUNOBY PUTBACK AT THE BUZZER!!!! WE WON!!!!!,0.7067
2026-06-10 22:48:00,-5,BRUNSON FLOATER!! WE HAVE THE LEAD!!!,0.0
2026-06-10 22:48:00,0,I AM LITERALY CRYING RIGHT NOW WHAT A GAME,-0.4767
2026-06-10 22:48:00,-2,BRUNSON FLOATER!! WE HAVE THE LEAD!!!,0.0
2026-06-10 22:48:00,-3,I AM LITERALY CRYING RIGHT NOW WHAT A GAME,-0.4767
2026-06-10 22:49:00,-3,OG ANUNOBY PUTBACK AT THE BUZZER!!!! WE WON!!!!!,0.7067
2026-06-10 22:49:00,2,NEW YORK STAND UP!! PLAY THE MANNIX!!,0.5526
2026-06-10 22:49:00,0,BRUNSON FLOATER!! WE HAVE THE LEAD!!!,0.0
2026-06-10 22:49:00,-5,"12 seconds left, down 1. My heart is pounding.",0.6369
2026-06-10 22:49:00,-1,NEW YORK STAND UP!! PLAY THE MANNIX!!,0.5526
2026-06-10 22:50:00,-8,TIE GAME!!! MY VOICE IS COMPLETELY GONE!!!,0.0
2026-06-10 22:50:00,-9,NEW YORK STAND UP!! PLAY THE MANNIX!!,0.5526
2026-06-10 22:50:00,-7,NEW YORK STAND UP!! PLAY THE MANNIX!!,0.5526
2026-06-10 22:51:00,-7,Defense is absolute clamps right now!!,0.2695
2026-06-10 22:51:00,2,BRUNSON THREE!!! Single digits baby!!,0.0
2026-06-10 22:51:00,-6,"Oh no, Wemby hits a tough midrange. Down 3.",-0.128
2026-06-10 22:52:00,-9,OG ANUNOBY PUTBACK AT THE BUZZER!!!! WE WON!!!!!,0.7067
2026-06-10 22:52:00,-8,I AM LITERALY CRYING RIGHT NOW WHAT A GAME,-0.4767
2026-06-10 22:53:00,-7,"12 seconds left, down 1. My heart is pounding.",0.6369
2026-06-10 22:53:00,-7,I AM LITERALY CRYING RIGHT NOW WHAT A GAME,-0.4767
2026-06-10 22:53:00,-7,OG ANUNOBY PUTBACK AT THE BUZZER!!!! WE WON!!!!!,0.7067
2026-06-10 22:53:00,-7,"12 seconds left, down 1. My heart is pounding.",0.6369
2026-06-10 22:54:00,-8,Defense is absolute clamps right now!!,0.2695
2026-06-10 22:54:00,-2,"Oh no, Wemby hits a tough midrange. Down 3.",-0.128
2026-06-10 22:54:00,-9,GREATEST COMEBACK IN NEW YORK KNICKS HISTORY!!!,0.7249
2026-06-10 22:54:00,-1,BRUNSON THREE!!! Single digits baby!!,0.0
2026-06-10 22:54:00,-6,NEW YORK STAND UP!! PLAY THE MANNIX!!,0.5526
2026-06-10 22:55:00,-4,"12 seconds left, down 1. My heart is pounding.",0.6369
2026-06-10 22:56:00,-6,NEW YORK STAND UP!! PLAY THE MANNIX!!,0.5526
2026-06-10 22:57:00,-8,"12 seconds left, down 1. My heart is pounding.",0.6369
2026-06-10 22:57:00,-3,I AM LITERALY CRYING RIGHT NOW WHAT A GAME,-0.4767
2026-06-10 22:57:00,-2,GREATEST COMEBACK IN NEW YORK KNICKS HISTORY!!!,0.7249
2026-06-10 22:57:00,-6,Defense is absolute clamps right now!!,0.2695
2026-06-10 22:58:00,-1,I AM LITERALY CRYING RIGHT NOW WHAT A GAME,-0.4767
2026-06-10 22:59:00,0,"Oh no, Wemby hits a tough midrange. Down 3.",-0.128
2026-06-10 22:59:00,-7,Defense is absolute clamps right now!!,0.2695
2026-06-10 22:59:00,-2,TIE GAME!!! MY VOICE IS COMPLETELY GONE!!!,0.0
2026-06-10 22:59:00,-1,GREATEST COMEBACK IN NEW YORK KNICKS HISTORY!!!,0.7249
2026-06-10 23:00:00,-9,Defense is absolute clamps right now!!,0.2695
2026-06-10 23:00:00,-4,I AM LITERALY CRYING RIGHT NOW WHAT A GAME,-0.4767
2026-06-10 23:00:00,-2,Defense is absolute clamps right now!!,0.2695
2026-06-10 23:00:00,-6,GREATEST COMEBACK IN NEW YORK KNICKS HISTORY!!!,0.7249
2026-06-10 23:01:00,-3,GREATEST COMEBACK IN NEW YORK KNICKS HISTORY!!!,0.7249
2026-06-10 23:01:00,-4,I AM LITERALY CRYING RIGHT NOW WHAT A GAME,-0.4767
2026-06-10 23:02:00,1,BRUNSON FLOATER!! WE HAVE THE LEAD!!!,0.0
2026-06-10 23:02:00,1,OG ANUNOBY PUTBACK AT THE BUZZER!!!! WE WON!!!!!,0.7067
2026-06-10 23:02:00,1,I AM LITERALY CRYING RIGHT NOW WHAT A GAME,-0.4767
2026-06-10 23:02:00,0,"12 seconds left, down 1. My heart is pounding.",0.6369
2026-06-10 23:03:00,-3,Defense is absolute clamps right now!!,0.2695
2026-06-10 23:03:00,-7,OG ANUNOBY PUTBACK AT THE BUZZER!!!! WE WON!!!!!,0.7067
2026-06-10 23:04:00,-9,OG ANUNOBY PUTBACK AT THE BUZZER!!!! WE WON!!!!!,0.7067
2026-06-10 23:04:00,-2,"Oh no, Wemby hits a tough midrange. Down 3.",-0.128
2026-06-10 23:04:00,-1,"12 seconds left, down 1. My heart is pounding.",0.6369
2026-06-10 23:04:00,-6,I AM LITERALY CRYING RIGHT NOW WHAT A GAME,-0.4767
2026-06-10 23:05:00,-5,Defense is absolute clamps right now!!,0.2695
2026-06-10 23:05:00,1,"12 seconds left, down 1. My heart is pounding.",0.6369
2026-06-10 23:05:00,-3,Defense is absolute clamps right now!!,0.2695
2026-06-10 23:06:00,-1,TIE GAME!!! MY VOICE IS COMPLETELY GONE!!!,0.0
2026-06-10 23:06:00,-1,BRUNSON FLOATER!! WE HAVE THE LEAD!!!,0.0
2026-06-10 23:06:00,-4,NEW YORK STAND UP!! PLAY THE MANNIX!!,0.5526
2026-06-10 23:06:00,-9,Defense is absolute clamps right now!!,0.2695
2026-06-10 23:06:00,-1,I AM LITERALY CRYING RIGHT NOW WHAT A GAME,-0.4767
2026-06-10 23:06:00,2,I AM LITERALY CRYING RIGHT NOW WHAT A GAME,-0.4767
2026-06-10 23:08:00,-1,"Oh no, Wemby hits a tough midrange. Down 3.",-0.128
2026-06-10 23:08:00,-7,"Oh no, Wemby hits a tough midrange. Down 3.",-0.128
2026-06-10 23:08:00,-6,"Oh no, Wemby hits a tough midrange. Down 3.",-0.128
2026-06-10 23:09:00,-4,Defense is absolute clamps right now!!,0.2695
2026-06-10 23:10:00,-6,BRUNSON FLOATER!! WE HAVE THE LEAD!!!,0.0
2026-06-10 23:10:00,-4,OG ANUNOBY PUTBACK AT THE BUZZER!!!! WE WON!!!!!,0.7067
2026-06-10 23:10:00,-3,OG ANUNOBY PUTBACK AT THE BUZZER!!!! WE WON!!!!!,0.7067
2026-06-10 23:11:00,-6,GREATEST COMEBACK IN NEW YORK KNICKS HISTORY!!!,0.7249
2026-06-10 23:11:00,-4,GREATEST COMEBACK IN NEW YORK KNICKS HISTORY!!!,0.7249
2026-06-10 23:12:00,1,"12 seconds left, down 1. My heart is pounding.",0.6369
2026-06-10 23:12:00,-7,TIE GAME!!! MY VOICE IS COMPLETELY GONE!!!,0.0
2026-06-10 23:12:00,-5,NEW YORK STAND UP!! PLAY THE MANNIX!!,0.5526
2026-06-10 23:12:00,-3,BRUNSON THREE!!! Single digits baby!!,0.0
2026-06-10 23:12:00,-2,BRUNSON THREE!!! Single digits baby!!,0.0
2026-06-10 23:13:00,-4,"Oh no, Wemby hits a tough midrange. Down 3.",-0.128
2026-06-10 23:13:00,-2,Defense is absolute clamps right now!!,0.2695
2026-06-10 23:13:00,-9,BRUNSON THREE!!! Single digits baby!!,0.0
2026-06-10 23:14:00,-8,GREATEST COMEBACK IN NEW YORK KNICKS HISTORY!!!,0.7249
2026-06-10 23:14:00,2,BRUNSON FLOATER!! WE HAVE THE LEAD!!!,0.0
2026-06-10 23:14:00,-1,"12 seconds left, down 1. My heart is pounding.",0.6369
2026-06-10 23:14:00,-2,GREATEST COMEBACK IN NEW YORK KNICKS HISTORY!!!,0.7249
2026-06-10 23:15:00,-4,TIE GAME!!! MY VOICE IS COMPLETELY GONE!!!,0.0
2026-06-10 23:15:00,-3,I AM LITERALY CRYING RIGHT NOW WHAT A GAME,-0.4767
2026-06-10 23:16:00,-2,GREATEST COMEBACK IN NEW YORK KNICKS HISTORY!!!,0.7249
2026-06-10 23:18:00,-5,TIE GAME!!! MY VOICE IS COMPLETELY GONE!!!,0.0
2026-06-10 23:18:00,-9,BRUNSON FLOATER!! WE HAVE THE LEAD!!!,0.0
2026-06-10 23:18:00,0,BRUNSON THREE!!! Single digits baby!!,0.0
2026-06-10 23:19:00,-1,NEW YORK STAND UP!! PLAY THE MANNIX!!,0.5526
2026-06-10 23:19:00,-9,"12 seconds left, down 1. My heart is pounding.",0.6369
2026-06-10 23:20:00,-6,BRUNSON THREE!!! Single digits baby!!,0.0
2026-06-10 23:21:00,-4,"Oh no, Wemby hits a tough midrange. Down 3.",-0.128
2026-06-10 23:23:00,-1,BRUNSON FLOATER!! WE HAVE THE LEAD!!!,0.0
2026-06-10 23:25:00,1,OG ANUNOBY PUTBACK AT THE BUZZER!!!! WE WON!!!!!,0.7067
2026-06-10 23:25:00,1,OG ANUNOBY PUTBACK AT THE BUZZER!!!! WE WON!!!!!,0.7067
2026-06-10 23:25:00,1,OG ANUNOBY PUTBACK AT THE BUZZER!!!! WE WON!!!!!,0.7067
2026-06-10 23:25:00,1,OG ANUNOBY PUTBACK AT THE BUZZER!!!! WE WON!!!!!,0.7067
2026-06-10 23:25:00,1,OG ANUNOBY PUTBACK AT THE BUZZER!!!! WE WON!!!!!,0.7067
2026-06-10 23:26:00,1,OG ANUNOBY PUTBACK AT THE BUZZER!!!! WE WON!!!!!,0.7067
2026-06-10 23:26:00,1,OG ANUNOBY PUTBACK AT THE BUZZER!!!! WE WON!!!!!,0.7067
2026-06-10 23:26:00,1,OG ANUNOBY PUTBACK AT THE BUZZER!!!! WE WON!!!!!,0.7067
2026-06-10 23:27:00,1,OG ANUNOBY PUTBACK AT THE BUZZER!!!! WE WON!!!!!,0.7067
2026-06-10 23:27:00,1,OG ANUNOBY PUTBACK AT THE BUZZER!!!! WE WON!!!!!,0.7067
2026-06-10 23:27:00,1,OG ANUNOBY PUTBACK AT THE BUZZER!!!! WE WON!!!!!,0.7067
2026-06-10 23:27:00,1,OG ANUNOBY PUTBACK AT THE BUZZER!!!! WE WON!!!!!,0.7067
2026-06-10 23:27:00,1,OG ANUNOBY PUTBACK AT THE BUZZER!!!! WE WON!!!!!,0.7067
2026-06-10 23:27:00,1,OG ANUNOBY PUTBACK AT THE BUZZER!!!! WE WON!!!!!,0.7067
2026-06-10 23:28:00,1,OG ANUNOBY PUTBACK AT THE BUZZER!!!! WE WON!!!!!,0.7067
2026-06-10 23:30:00,1,OG ANUNOBY PUTBACK AT THE BUZZER!!!! WE WON!!!!!,0.7067
2026-06-10 23:30:00,1,OG ANUNOBY PUTBACK AT THE BUZZER!!!! WE WON!!!!!,0.7067
